{"bias": 0.018268133801638865, "biases_by_traits": {"Openness": -0.19784782158739656, "Extraversion": 0.3382426831465948, "Agreeableness": 0.09498100407347854, "Conscientiousness": -0.12813054508715352, "Neuroticism": -0.015904651537328916}, "proven_characters": ["Асоциальный"]}