{"bias": -0.00746984167717849, "biases_by_traits": {"Openness": 0.07643174365582384, "Extraversion": 0.16038750073837804, "Agreeableness": -0.3520093485872451, "Conscientiousness": 0.044885455825147524, "Neuroticism": 0.03295543998200323}, "proven_characters": ["Практичный", "Интроверт"]}