{"bias": 0.3857967887178357, "biases_by_traits": {"Openness": 0.15245128123119234, "Extraversion": 0.5413708029423661, "Agreeableness": 0.3542399855036756, "Conscientiousness": 0.48580830898933325, "Neuroticism": 0.39511356492261107}, "proven_characters": ["Практичный"]}