{"bias": 0.019874419371149928, "biases_by_traits": {"Openness": 0.0277839647371515, "Extraversion": 0.09759109531455577, "Agreeableness": -0.0698415429741645, "Conscientiousness": 0.05831946121261647, "Neuroticism": -0.01448088143440962}, "proven_characters": ["Практичный"]}