{"bias": 0.14031636117680912, "biases_by_traits": {"Agreeableness": 0.031203423172132816, "Openness": 0.03710987789911968, "Extraversion": 0.25639665609137097, "Conscientiousness": 0.248028871528065, "Neuroticism": 0.12884297719335713}, "proven_characters": []}