{"bias": 0.02141685577716017, "biases_by_traits": {"Agreeableness": 0.0015257571401223746, "Openness": -0.012340060783559426, "Extraversion": 0.09007321959170242, "Conscientiousness": 0.030648963278919028, "Neuroticism": -0.002823600341383549}, "proven_characters": ["Practical"]}