{"bias": 0.2157733350677546, "biases_by_traits": {"Agreeableness": 0.026170146077303447, "Openness": 0.08370803993532078, "Extraversion": 0.4523118426578173, "Conscientiousness": 0.275096352618583, "Neuroticism": 0.24158029404974846}, "proven_characters": []}