{"bias": 0.03718292941007935, "biases_by_traits": {"Agreeableness": 0.02382761031186731, "Openness": -0.017010581093340527, "Extraversion": 0.11747122998206527, "Conscientiousness": 0.02582772680575829, "Neuroticism": 0.03579866104404637}, "proven_characters": ["Practical"]}