{"bias": 0.09565824343592495, "biases_by_traits": {"Agreeableness": -0.027757163772025306, "Openness": 0.03983822612973359, "Extraversion": 0.254742319648549, "Conscientiousness": 0.11576546770272769, "Neuroticism": 0.09570236747063977}, "proven_characters": ["Practical"]}