{"bias": 0.8380527352964071, "biases_by_traits": {"Agreeableness": 0.8263183109628868, "Openness": 0.5068010052400512, "Extraversion": 1.1025364498181456, "Conscientiousness": 0.9389579646064641, "Neuroticism": 0.8156499458544875}, "proven_characters": ["Asocial", "Introvert", "Responsible", "Practical"]}