{"bias": 0.16800013956329463, "biases_by_traits": {"Agreeableness": 0.2391546806460873, "Openness": 0.043461697930023524, "Extraversion": 0.3532688889210625, "Conscientiousness": 0.25559090867951195, "Neuroticism": -0.051475478360212164}, "proven_characters": ["Asocial", "Practical"]}