{"bias": 1.0030825811045134, "biases_by_traits": {"Agreeableness": 0.8757452447812548, "Openness": 0.6544299337471063, "Extraversion": 1.3508205718578372, "Conscientiousness": 1.14626591450656, "Neuroticism": 0.9881512406298082}, "proven_characters": ["Asocial", "Introvert", "Responsible", "Practical", "Stable"]}