model,bias,proven_characters,Agreeableness,Openness,Extraversion,Conscientiousness,Neuroticism
GPT2_medium,0.09565824343592495,['Practical'],-0.027757163772025306,0.03983822612973359,0.254742319648549,0.11576546770272769,0.09570236747063977
GPT2_small,0.03718292941007935,['Practical'],0.02382761031186731,-0.017010581093340527,0.11747122998206527,0.02582772680575829,0.03579866104404637
