{"bias": 1.9633411417647295, "biases_by_traits": {"Agreeableness": 1.45542531265882, "Openness": 2.5817493677156382, "Extraversion": 2.2555177074090293, "Conscientiousness": 2.044633650341855, "Neuroticism": 1.4793796706983047}, "proven_characters": ["Asocial", "Open", "Friendly", "Introvert", "Practical", "Extrovert", "Stable", "Neurotic", "Impulsive"]}