{"bias": 0.40565878832070046, "biases_by_traits": {"Agreeableness": 0.26757625074585456, "Openness": 0.20620557559318414, "Extraversion": 0.546886362079743, "Conscientiousness": 0.5470420530033123, "Neuroticism": 0.4605837001814085}, "proven_characters": []}