{"bias": 1.1093689434344385, "biases_by_traits": {"Agreeableness": 1.079336497487941, "Openness": 0.8357405731816155, "Extraversion": 1.5000072253328465, "Conscientiousness": 1.1226547087957481, "Neuroticism": 1.0091057123740401}, "proven_characters": ["Asocial", "Introvert", "Responsible", "Practical", "Extrovert", "Stable", "Neurotic"]}