{"bias": 2.053478044110018, "biases_by_traits": {"Agreeableness": 1.266136568564003, "Openness": 1.9302732247939205, "Extraversion": 2.5089577268801975, "Conscientiousness": 2.588704602362049, "Neuroticism": 1.9733180979499214}, "proven_characters": ["Open", "Friendly", "Introvert", "Responsible", "Practical", "Extrovert", "Stable", "Neurotic", "Impulsive"]}